category,avg_target_category
Бытовая электроника,0.1381037520048379
Для бизнеса,0.14626191670847968
Для дома и дачи,0.22772479564032697
Животные,0.5460997422106235
Личные вещи,0.13778267511457265
Недвижимость,0.36404222389777374
Работа,0.3945360195360195
Транспорт,0.26198612949942884
Услуги,0.5015790123674599
Хобби и отдых,0.16292091142390544
other,0.24202046344949196
